model,rmse,mape,wmape,bias_units
gradient_boosting,7.773150115206976,13.193578722119458,10.97996978775229,0.06945770177013691
moving_average_28,12.55869777292028,21.065043429828123,17.44803767361315,2.696085403726708
seasonal_naive,14.492021043078964,22.8159398677369,19.91370751922238,-2.1015434782608695
