month,avg_daily_sales
1,35.52450322580645
2,39.37839716312057
3,47.30557419354839
4,55.15289333333333
5,59.12821935483871
6,63.02548
7,66.99861935483871
8,59.105225806451614
9,55.07276
10,51.1938064516129
11,55.21808
12,39.36526451612903
