dayofweek,avg_daily_sales
0,41.42963846153846
1,48.225908045977015
2,48.368505747126434
3,51.7232183908046
4,55.157249042145594
5,58.662697318007666
6,62.14333333333333
